[
  {
    "bootstrapKeys": {
      "bsk_v0": {
        "baseLog": 23,
        "glweDimension": 4,
        "inputSecretKeyID": "small",
        "level": 1,
        "outputSecretKeyID": "big",
        "variance": 8.6457178325449035e-32
      }
    },
    "functionName": "main",
    "inputs": [
      {
        "encryption": {
          "encoding": {
            "precision": 3
          },
          "secretKeyID": "big",
          "variance": 8.6457178325449035e-32
        },
        "shape": {
          "dimensions": [
            1,
            30
          ],
          "sign": false,
          "size": 30,
          "width": 3
        }
      }
    ],
    "keyswitchKeys": {
      "ksk_v0": {
        "baseLog": 4,
        "inputSecretKeyID": "big",
        "level": 3,
        "outputSecretKeyID": "small",
        "variance": 2.1613086302954241e-10
      }
    },
    "outputs": [
      {
        "encryption": {
          "encoding": {
            "precision": 3
          },
          "secretKeyID": "big",
          "variance": 8.6457178325449035e-32
        },
        "shape": {
          "dimensions": [
            10,
            1,
            1
          ],
          "sign": false,
          "size": 10,
          "width": 3
        }
      }
    ],
    "packingKeys": {},
    "secretKeys": {
      "big": {
        "dimension": 2048
      },
      "small": {
        "dimension": 702
      }
    }
  }
]